,nameWithOwner,sshUrl,createdAt,forkCount,primaryLanguage.name,stargazers.totalCount,releases.totalCount,releases.nodes
0,Netflix/ribbon,git@github.com:Netflix/ribbon.git,2013-01-15T01:08:04Z,987,Java,3737,40,"[{'publishedAt': '2014-07-09T19:25:08Z'}, {'publishedAt': '2014-07-09T19:28:42Z'}, {'publishedAt': '2014-07-12T03:46:50Z'}, {'publishedAt': '2014-07-24T00:09:55Z'}, {'publishedAt': '2014-07-30T17:52:19Z'}, {'publishedAt': '2014-08-25T21:37:34Z'}, {'publishedAt': '2014-08-28T15:53:17Z'}, {'publishedAt': '2014-09-19T20:43:45Z'}, {'publishedAt': '2016-10-24T18:39:55Z'}, {'publishedAt': '2016-10-25T04:29:35Z'}]"
1,androidx/androidx,git@github.com:androidx/androidx.git,2020-04-17T19:17:41Z,156,Java,2047,0,[]
2,radkovo/CSSBox,git@github.com:radkovo/CSSBox.git,2014-01-05T22:02:40Z,71,Java,168,0,[]
3,entando/entando-core,git@github.com:entando/entando-core.git,2014-08-22T14:23:11Z,35,Java,82,14,"[{'publishedAt': '2018-05-28T16:40:09Z'}, {'publishedAt': '2018-05-29T05:17:43Z'}, {'publishedAt': '2018-11-17T09:11:31Z'}, {'publishedAt': '2018-11-26T12:57:48Z'}, {'publishedAt': '2019-03-08T12:41:46Z'}, {'publishedAt': '2019-04-05T13:32:47Z'}, {'publishedAt': '2019-07-19T09:44:00Z'}, {'publishedAt': '2020-04-14T10:51:47Z'}, {'publishedAt': '2020-04-23T18:29:02Z'}, {'publishedAt': '2020-05-21T13:34:12Z'}]"
4,OpenJML/OpenJML,git@github.com:OpenJML/OpenJML.git,2015-06-30T20:40:28Z,19,Java,75,52,"[{'publishedAt': '2015-12-02T05:49:14Z'}, {'publishedAt': '2016-08-20T23:43:06Z'}, {'publishedAt': '2016-09-21T15:03:10Z'}, {'publishedAt': '2016-09-23T16:40:55Z'}, {'publishedAt': '2016-09-30T11:08:52Z'}, {'publishedAt': '2016-10-31T21:00:55Z'}, {'publishedAt': '2016-11-02T08:21:40Z'}, {'publishedAt': '2016-11-03T06:33:02Z'}, {'publishedAt': '2016-11-21T19:44:27Z'}, {'publishedAt': '2016-12-05T14:13:54Z'}]"
5,radkovo/jStyleParser,git@github.com:radkovo/jStyleParser.git,2014-01-02T21:12:24Z,48,Java,69,0,[]
6,by-syk/ColorReference,git@github.com:by-syk/ColorReference.git,2016-04-04T13:24:07Z,11,Java,44,5,"[{'publishedAt': '2016-04-13T14:10:19Z'}, {'publishedAt': '2016-04-16T08:17:21Z'}, {'publishedAt': '2016-05-20T04:48:34Z'}, {'publishedAt': '2017-01-14T07:55:43Z'}, {'publishedAt': '2017-01-14T15:42:44Z'}]"
7,Squarespace/template-compiler,git@github.com:Squarespace/template-compiler.git,2015-05-20T14:24:32Z,7,Java,32,0,[]
8,saisasanksunkavalli/RoundedHorizontalProgressBar,git@github.com:saisasanksunkavalli/RoundedHorizontalProgressBar.git,2017-02-19T14:19:30Z,10,Java,24,0,[]
9,quaap/Primary,git@github.com:quaap/Primary.git,2016-12-02T01:00:20Z,11,Java,20,6,"[{'publishedAt': '2016-12-22T20:33:01Z'}, {'publishedAt': '2017-01-04T04:54:37Z'}, {'publishedAt': '2017-01-08T03:07:58Z'}, {'publishedAt': '2017-07-13T23:11:40Z'}, {'publishedAt': '2017-10-10T20:42:34Z'}, {'publishedAt': '2018-08-21T02:18:30Z'}]"
10,nadimgouia/CoolToast,git@github.com:nadimgouia/CoolToast.git,2017-08-26T17:07:14Z,7,Java,20,0,[]
11,Thutmose/Pokecube,git@github.com:Thutmose/Pokecube.git,2015-11-26T20:06:48Z,9,Java,19,1,[{'publishedAt': '2018-07-29T17:05:39Z'}]
12,kingspp/Android-TCP-IP-Socket,git@github.com:kingspp/Android-TCP-IP-Socket.git,2015-07-10T14:29:18Z,23,Java,19,2,"[{'publishedAt': '2015-07-10T17:12:20Z'}, {'publishedAt': '2015-07-11T07:39:09Z'}]"
13,mvallim/java-fluent-validator,git@github.com:mvallim/java-fluent-validator.git,2019-08-10T02:12:08Z,3,Java,19,0,[]
14,otrosien/uuid-jpa-rest-example,git@github.com:otrosien/uuid-jpa-rest-example.git,2016-03-10T13:12:11Z,10,Java,17,0,[]
15,breakingsword/Android-Primary-Road,git@github.com:breakingsword/Android-Primary-Road.git,2016-09-12T03:44:52Z,10,Java,16,0,[]
16,codehaus/jcsp,git@github.com:codehaus/jcsp.git,2012-04-16T08:58:53Z,9,Java,10,0,[]
17,usf-cs212-2017/lectures,git@github.com:usf-cs212-2017/lectures.git,2016-12-06T04:03:13Z,5,Java,9,0,[]
18,oracle/sales-cloud-with-paas-samples,git@github.com:oracle/sales-cloud-with-paas-samples.git,2016-02-15T16:14:34Z,16,Java,8,0,[]
19,latemic/ColorBooth,git@github.com:latemic/ColorBooth.git,2011-02-24T10:27:51Z,4,Java,8,0,[]
20,SiteMorph/protostore,git@github.com:SiteMorph/protostore.git,2013-10-25T18:10:54Z,2,Java,8,0,[]
21,hornhuang/android_primary_4_animationandgestures,git@github.com:hornhuang/android_primary_4_animationandgestures.git,2019-06-14T02:41:59Z,0,Java,7,0,[]
22,hornhuang/android_primary_4_estureDetector,git@github.com:hornhuang/android_primary_4_estureDetector.git,2019-06-19T08:53:29Z,0,Java,7,0,[]
23,MinimumContent/muon,git@github.com:MinimumContent/muon.git,2016-11-20T06:09:21Z,4,Java,7,2,"[{'publishedAt': '2017-01-26T23:16:33Z'}, {'publishedAt': '2017-03-16T00:03:28Z'}]"
24,sibsankarb4/Integration-between-Oracle-ADF-and-Oracle-E-Business-Suite,git@github.com:sibsankarb4/Integration-between-Oracle-ADF-and-Oracle-E-Business-Suite.git,2019-01-17T11:07:02Z,3,Java,7,0,[]
25,jcdny/RBloomberg,git@github.com:jcdny/RBloomberg.git,2010-11-10T18:44:49Z,6,Java,6,0,[]
26,Shashi-Bhushan/trials,git@github.com:Shashi-Bhushan/trials.git,2015-12-21T07:07:59Z,1,Java,6,0,[]
27,pavex/react-native-wifi-manager,git@github.com:pavex/react-native-wifi-manager.git,2017-02-07T16:53:17Z,0,Java,6,0,[]
28,TechnoZoom/NoteMakingMVVMDataBinding,git@github.com:TechnoZoom/NoteMakingMVVMDataBinding.git,2017-06-16T23:00:40Z,0,Java,6,0,[]
29,pandyav/Primary-Flight-Display-PFD-,git@github.com:pandyav/Primary-Flight-Display-PFD-.git,2014-11-16T18:45:20Z,2,Java,5,0,[]
30,The-Hive-of-Five/Interstellar-Merchant,git@github.com:The-Hive-of-Five/Interstellar-Merchant.git,2019-01-12T23:24:46Z,0,Java,5,0,[]
31,NeedsMorePie/FFT-Analyze-Record,git@github.com:NeedsMorePie/FFT-Analyze-Record.git,2015-01-30T18:04:19Z,2,Java,5,0,[]
32,CAPS-Robotics/unofficial-frc-game-frame,git@github.com:CAPS-Robotics/unofficial-frc-game-frame.git,2017-05-20T15:32:35Z,0,Java,5,0,[]
33,AbeelLab/genometools,git@github.com:AbeelLab/genometools.git,2013-09-03T19:04:49Z,1,Java,5,15,"[{'publishedAt': '2016-10-26T20:11:36Z'}, {'publishedAt': '2016-10-26T20:50:37Z'}, {'publishedAt': '2016-11-07T13:41:27Z'}, {'publishedAt': '2017-01-13T14:31:38Z'}, {'publishedAt': '2017-01-13T14:51:36Z'}, {'publishedAt': '2017-06-30T15:07:36Z'}, {'publishedAt': '2017-06-30T15:45:15Z'}, {'publishedAt': '2017-10-10T12:09:55Z'}, {'publishedAt': '2017-11-29T23:26:37Z'}, {'publishedAt': '2018-02-28T20:12:24Z'}]"
34,sina-cb/Tn-seqExplorer,git@github.com:sina-cb/Tn-seqExplorer.git,2014-12-17T05:29:34Z,3,Java,5,1,[{'publishedAt': '2017-05-07T00:44:00Z'}]
35,cybuch/sample-spring-data-mongo-composite-key,git@github.com:cybuch/sample-spring-data-mongo-composite-key.git,2017-01-29T16:56:32Z,0,Java,4,0,[]
36,polimi-mt-acg/back2school,git@github.com:polimi-mt-acg/back2school.git,2018-03-01T14:33:42Z,0,Java,4,0,[]
37,apupeikis/pixelazier,git@github.com:apupeikis/pixelazier.git,2010-09-01T03:29:16Z,1,Java,4,0,[]
38,rupomsoft/Toast-Silicon,git@github.com:rupomsoft/Toast-Silicon.git,2019-11-06T18:13:28Z,0,Java,4,1,[{'publishedAt': '2019-11-06T18:21:49Z'}]
39,SuryaSrikar/Hand_Talk_Translator,git@github.com:SuryaSrikar/Hand_Talk_Translator.git,2019-09-22T02:33:15Z,2,Java,4,0,[]
40,akkhilaysh/Android-BLE-detection-for-BusModule,git@github.com:akkhilaysh/Android-BLE-detection-for-BusModule.git,2016-11-03T16:49:02Z,5,Java,4,0,[]
41,pratikdimble/Hibernate_Native_Generator_XML,git@github.com:pratikdimble/Hibernate_Native_Generator_XML.git,2017-12-28T08:52:46Z,0,Java,4,0,[]
42,Nikita-Jadhav/KNN_HealthCare-Hospital-Management-System,git@github.com:Nikita-Jadhav/KNN_HealthCare-Hospital-Management-System.git,2019-01-04T13:01:12Z,3,Java,4,0,[]
43,hellokoding/jpa-onetoone-sharedprimarykey-springboot-maven-mysql,git@github.com:hellokoding/jpa-onetoone-sharedprimarykey-springboot-maven-mysql.git,2015-10-17T14:58:27Z,9,Java,3,0,[]
44,JavaCardOS/Oath-Applet,git@github.com:JavaCardOS/Oath-Applet.git,2015-12-25T12:23:04Z,5,Java,3,0,[]
45,Crazy-MT/festival_sms,git@github.com:Crazy-MT/festival_sms.git,2015-12-26T10:19:47Z,1,Java,3,0,[]
46,codehaus/izpack,git@github.com:codehaus/izpack.git,2012-04-16T08:58:42Z,2,Java,3,0,[]
47,BjerknesClimateDataCentre/QuinCe,git@github.com:BjerknesClimateDataCentre/QuinCe.git,2015-04-07T10:35:48Z,4,Java,3,110,"[{'publishedAt': '2017-03-16T13:56:38Z'}, {'publishedAt': '2017-03-27T09:19:15Z'}, {'publishedAt': '2017-03-27T13:55:50Z'}, {'publishedAt': '2017-03-30T12:25:39Z'}, {'publishedAt': '2017-04-11T07:54:14Z'}, {'publishedAt': '2017-05-02T06:17:16Z'}, {'publishedAt': '2017-06-06T07:23:12Z'}, {'publishedAt': '2017-07-27T14:20:54Z'}, {'publishedAt': '2017-08-07T11:25:06Z'}, {'publishedAt': '2018-01-23T21:55:07Z'}]"
48,frc5567/2019-Robot,git@github.com:frc5567/2019-Robot.git,2019-01-08T20:32:31Z,0,Java,3,0,[]
49,kodapan/kodapan-entity-store,git@github.com:kodapan/kodapan-entity-store.git,2010-07-13T23:18:13Z,1,Java,3,0,[]
50,novoda/storage-path-finder,git@github.com:novoda/storage-path-finder.git,2018-06-18T14:06:29Z,0,Java,3,0,[]
51,ShardBytes/Evolutions,git@github.com:ShardBytes/Evolutions.git,2018-05-13T19:02:34Z,0,Java,3,0,[]
52,Lomztein/Semesterproject01-Gruppe30-2018,git@github.com:Lomztein/Semesterproject01-Gruppe30-2018.git,2018-09-11T08:55:49Z,0,Java,3,0,[]
53,ndorigatti/MultiColorProgressBar,git@github.com:ndorigatti/MultiColorProgressBar.git,2014-07-30T17:12:14Z,0,Java,3,0,[]
54,shahria73/Fotoshop-G-14,git@github.com:shahria73/Fotoshop-G-14.git,2019-03-08T15:24:20Z,0,Java,3,0,[]
55,Planumex/Planumex-Blockchain,git@github.com:Planumex/Planumex-Blockchain.git,2018-11-20T03:54:04Z,1,Java,3,1,[{'publishedAt': '2018-11-20T04:31:22Z'}]
56,pratikdimble/Hibernate_UUID_Generator_XML,git@github.com:pratikdimble/Hibernate_UUID_Generator_XML.git,2017-12-28T08:11:59Z,0,Java,3,0,[]
57,dragona/survey,git@github.com:dragona/survey.git,2020-02-12T04:00:25Z,46,Java,2,0,[]
58,SoftwareEconomics/primary-ports-kata,git@github.com:SoftwareEconomics/primary-ports-kata.git,2019-04-14T11:56:55Z,6,Java,2,0,[]
59,SurendraVidiyala/BankingApp,git@github.com:SurendraVidiyala/BankingApp.git,2018-01-23T20:26:27Z,10,Java,2,0,[]
60,DotFreelance/To-Do-Bot,git@github.com:DotFreelance/To-Do-Bot.git,2016-01-12T22:22:31Z,5,Java,2,0,[]
61,VHAINNOVATIONS/Telepathology,git@github.com:VHAINNOVATIONS/Telepathology.git,2015-03-27T14:37:44Z,8,Java,2,0,[]
62,gavinxxxxxx/Primary,git@github.com:gavinxxxxxx/Primary.git,2017-04-26T03:23:35Z,0,Java,2,0,[]
63,wanxuedong/PrimaryExercises,git@github.com:wanxuedong/PrimaryExercises.git,2019-12-27T05:17:43Z,0,Java,2,0,[]
64,OpenSTL/STLCourts-api,git@github.com:OpenSTL/STLCourts-api.git,2015-09-17T15:19:20Z,2,Java,2,5,"[{'publishedAt': '2017-05-01T11:23:18Z'}, {'publishedAt': '2017-06-14T04:52:19Z'}, {'publishedAt': '2017-12-06T04:32:04Z'}, {'publishedAt': '2018-03-02T06:14:14Z'}, {'publishedAt': '2018-04-06T05:44:26Z'}]"
65,GuoZhaoHui628/PrimaryCustomView,git@github.com:GuoZhaoHui628/PrimaryCustomView.git,2017-12-28T02:49:28Z,0,Java,2,0,[]
66,Jennifer331/BitmapPrimaryDemo,git@github.com:Jennifer331/BitmapPrimaryDemo.git,2015-12-10T04:00:03Z,1,Java,2,0,[]
67,helipilot50/store-primary-key,git@github.com:helipilot50/store-primary-key.git,2015-10-06T23:27:53Z,0,Java,2,0,[]
68,Shallow-Xu/union_primary_key,git@github.com:Shallow-Xu/union_primary_key.git,2017-07-12T09:28:25Z,1,Java,2,0,[]
69,itqpleyva/CompositePrimaryKeyJPA,git@github.com:itqpleyva/CompositePrimaryKeyJPA.git,2020-05-18T19:22:39Z,0,Java,2,0,[]
70,wchkong/niuke-primary-algorithm-course,git@github.com:wchkong/niuke-primary-algorithm-course.git,2019-08-06T14:54:45Z,0,Java,2,0,[]
71,DysaniazzZ/HelloAndroid,git@github.com:DysaniazzZ/HelloAndroid.git,2016-09-08T10:32:01Z,0,Java,2,0,[]
72,cjqCN/tinypk,git@github.com:cjqCN/tinypk.git,2019-01-10T15:33:17Z,0,Java,2,0,[]
73,picketbox-back/picketbox-infinispan,git@github.com:picketbox-back/picketbox-infinispan.git,2012-08-02T16:46:47Z,2,Java,2,0,[]
74,RED-M0CKING-LINE/Team5183Robot2020J,git@github.com:RED-M0CKING-LINE/Team5183Robot2020J.git,2019-07-07T05:27:15Z,0,Java,2,1,[{'publishedAt': '2019-07-07T19:50:04Z'}]
75,3kuai/hanbo-jdbc,git@github.com:3kuai/hanbo-jdbc.git,2018-11-07T09:56:59Z,2,Java,2,0,[]
76,midn1/majc,git@github.com:midn1/majc.git,2016-07-04T10:17:40Z,0,Java,2,8,"[{'publishedAt': '2016-07-04T10:25:57Z'}, {'publishedAt': '2016-07-05T16:38:41Z'}, {'publishedAt': '2016-07-05T17:00:23Z'}, {'publishedAt': '2016-07-06T11:50:25Z'}, {'publishedAt': '2016-07-07T22:26:45Z'}, {'publishedAt': '2016-07-08T08:54:11Z'}, {'publishedAt': '2016-07-09T08:15:49Z'}, {'publishedAt': '2016-07-11T12:13:48Z'}]"
77,codehaus/mrp,git@github.com:codehaus/mrp.git,2012-04-16T08:58:42Z,2,Java,2,0,[]
78,codehaus/gpars,git@github.com:codehaus/gpars.git,2012-04-16T08:58:39Z,1,Java,2,0,[]
79,SoaringPhoenix/Memorandum_by_Freeman,git@github.com:SoaringPhoenix/Memorandum_by_Freeman.git,2018-03-22T07:09:51Z,0,Java,2,0,[]
80,wenxin666/hellodata,git@github.com:wenxin666/hellodata.git,2019-06-23T18:28:01Z,0,Java,2,0,[]
81,ferlandlab/BranchAnalysis2D-3D,git@github.com:ferlandlab/BranchAnalysis2D-3D.git,2017-10-16T21:34:50Z,1,Java,2,0,[]
82,itsaky/PreUI,git@github.com:itsaky/PreUI.git,2019-10-03T15:39:41Z,2,Java,2,0,[]
83,DealerDotCom/grinder,git@github.com:DealerDotCom/grinder.git,2012-06-27T14:25:11Z,2,Java,2,0,[]
84,NCIP/rembrandt,git@github.com:NCIP/rembrandt.git,2013-09-16T14:40:18Z,2,Java,2,0,[]
85,pressgang-ccms/PressGangCCMSREST,git@github.com:pressgang-ccms/PressGangCCMSREST.git,2012-07-24T21:25:11Z,3,Java,2,0,[]
86,hetelek/ColorRecognition,git@github.com:hetelek/ColorRecognition.git,2013-05-28T02:46:52Z,0,Java,2,0,[]
87,AppleCiderGuy/ImageRecognition,git@github.com:AppleCiderGuy/ImageRecognition.git,2017-08-07T01:15:12Z,0,Java,2,0,[]
88,xuevin/SPIE,git@github.com:xuevin/SPIE.git,2010-06-04T01:58:41Z,1,Java,2,0,[]
89,pratikdimble/Hibernate_Inheritance_Mapping_Table_Per_Sub_Class_XML_Using_DAO_Using_Maven,git@github.com:pratikdimble/Hibernate_Inheritance_Mapping_Table_Per_Sub_Class_XML_Using_DAO_Using_Maven.git,2017-12-16T01:01:46Z,0,Java,2,0,[]
90,pratikdimble/Hibernate_Component_Mapping_Using_DAO_Using_Maven,git@github.com:pratikdimble/Hibernate_Component_Mapping_Using_DAO_Using_Maven.git,2017-12-12T17:27:32Z,0,Java,2,0,[]
91,Thalidomide/ImgC,git@github.com:Thalidomide/ImgC.git,2010-04-11T18:36:25Z,0,Java,2,0,[]
92,jeffrschneider/Vertically-Challenged,git@github.com:jeffrschneider/Vertically-Challenged.git,2012-10-21T17:37:07Z,0,Java,2,0,[]
93,rhtnr/adwords-query-ranking-oracle,git@github.com:rhtnr/adwords-query-ranking-oracle.git,2014-03-21T04:18:40Z,3,Java,2,0,[]
94,mstao/PrimarySchoolProject,git@github.com:mstao/PrimarySchoolProject.git,2017-03-13T04:13:07Z,7,Java,1,2,"[{'publishedAt': '2017-10-17T10:30:12Z'}, {'publishedAt': '2017-10-26T16:21:26Z'}]"
95,usf-cs212-2018/lectures,git@github.com:usf-cs212-2018/lectures.git,2018-01-17T22:06:14Z,11,Java,1,0,[]
96,spyros-argyroiliopoulos/codehub-spring-boot,git@github.com:spyros-argyroiliopoulos/codehub-spring-boot.git,2018-04-26T23:59:40Z,5,Java,1,0,[]
97,NCIP/cadsr-cde-browser,git@github.com:NCIP/cadsr-cde-browser.git,2013-07-29T15:24:48Z,4,Java,1,1,[{'publishedAt': '2013-11-19T18:19:12Z'}]
98,Team-73-Git-Gud/CS-2340-Software,git@github.com:Team-73-Git-Gud/CS-2340-Software.git,2018-01-12T19:54:13Z,2,Java,1,0,[]
99,hellokoding/jpa-hibernate-composite-primary-key-example-with-mysql,git@github.com:hellokoding/jpa-hibernate-composite-primary-key-example-with-mysql.git,2019-01-07T14:13:16Z,3,Java,1,0,[]
100,ilius/pyglossary,git@github.com:ilius/pyglossary.git,2011-01-23T10:24:30Z,149,Python,1114,9,"[{'publishedAt': '2016-06-09T01:30:49Z'}, {'publishedAt': '2016-06-17T17:00:46Z'}, {'publishedAt': '2016-06-24T14:23:17Z'}, {'publishedAt': '2016-07-01T19:53:16Z'}, {'publishedAt': '2016-11-07T20:09:59Z'}, {'publishedAt': '2018-06-17T16:32:25Z'}, {'publishedAt': '2019-03-04T20:51:26Z'}, {'publishedAt': '2019-06-21T21:11:28Z'}, {'publishedAt': '2020-05-21T08:19:17Z'}]"
101,NxRLab/ModernRobotics,git@github.com:NxRLab/ModernRobotics.git,2016-10-04T14:24:08Z,393,Python,636,2,"[{'publishedAt': '2018-09-03T23:30:43Z'}, {'publishedAt': '2019-01-09T05:06:26Z'}]"
102,K3D-tools/K3D-jupyter,git@github.com:K3D-tools/K3D-jupyter.git,2015-10-16T10:14:20Z,60,Python,337,31,"[{'publishedAt': '2015-10-28T14:02:37Z'}, {'publishedAt': '2015-10-28T14:03:04Z'}, {'publishedAt': '2015-10-29T11:19:53Z'}, {'publishedAt': '2015-10-29T11:20:10Z'}, {'publishedAt': '2015-10-30T11:37:08Z'}, {'publishedAt': '2015-10-30T12:44:11Z'}, {'publishedAt': '2015-11-12T14:35:59Z'}, {'publishedAt': '2015-11-18T11:08:34Z'}, {'publishedAt': '2015-11-20T20:22:46Z'}, {'publishedAt': '2015-11-25T19:37:45Z'}]"
103,nedwill/soundhax,git@github.com:nedwill/soundhax.git,2016-12-28T14:43:17Z,43,Python,290,0,[]
104,molyswu/hand_detection,git@github.com:molyswu/hand_detection.git,2018-11-29T01:35:59Z,55,Python,108,0,[]
105,bosichong/PrimarySchoolMathematics,git@github.com:bosichong/PrimarySchoolMathematics.git,2018-10-23T14:05:25Z,30,Python,64,0,[]
106,larsyencken/wide-language-index,git@github.com:larsyencken/wide-language-index.git,2014-05-12T07:53:22Z,13,Python,51,0,[]
107,localwiki/localwiki-backend-server,git@github.com:localwiki/localwiki-backend-server.git,2015-01-26T07:32:11Z,16,Python,47,0,[]
108,jbrendel/django-randomprimary,git@github.com:jbrendel/django-randomprimary.git,2012-04-18T00:49:01Z,10,Python,38,0,[]
109,HPENetworking/pyhpecw7,git@github.com:HPENetworking/pyhpecw7.git,2016-04-09T13:28:02Z,22,Python,32,0,[]
110,hoelsner/product-database,git@github.com:hoelsner/product-database.git,2015-10-06T17:44:50Z,17,Python,29,1,[{'publishedAt': '2018-10-23T20:41:52Z'}]
111,dcramer/django-compositepks,git@github.com:dcramer/django-compositepks.git,2008-11-16T23:34:10Z,454,Python,28,0,[]
112,wnyc/django-crowdsourcing,git@github.com:wnyc/django-crowdsourcing.git,2012-12-03T21:03:41Z,18,Python,25,0,[]
113,Rongpeng-Lin/PConv_in_tf,git@github.com:Rongpeng-Lin/PConv_in_tf.git,2018-08-03T14:01:41Z,5,Python,24,0,[]
114,ospaf/ospaf-primary,git@github.com:ospaf/ospaf-primary.git,2014-09-04T06:49:47Z,15,Python,21,1,[{'publishedAt': '2015-02-26T04:22:44Z'}]
115,notsambeck/pandabase,git@github.com:notsambeck/pandabase.git,2019-02-04T08:33:29Z,4,Python,21,3,"[{'publishedAt': '2019-08-12T00:24:48Z'}, {'publishedAt': '2019-09-09T02:21:33Z'}, {'publishedAt': '2020-02-08T18:04:51Z'}]"
116,LRTT/LINEREGISTER,git@github.com:LRTT/LINEREGISTER.git,2020-03-30T13:00:16Z,12,Python,19,0,[]
117,Rongpeng-Lin/pix2pixhd_Tensorflow,git@github.com:Rongpeng-Lin/pix2pixhd_Tensorflow.git,2018-10-21T08:10:00Z,9,Python,17,0,[]
118,MrNbaYoh/rpwng,git@github.com:MrNbaYoh/rpwng.git,2017-08-19T14:30:23Z,0,Python,17,0,[]
119,avito-tech/pg_reindex,git@github.com:avito-tech/pg_reindex.git,2018-03-29T10:19:24Z,2,Python,17,0,[]
120,metapub/metapub,git@github.com:metapub/metapub.git,2019-08-20T19:39:00Z,6,Python,15,0,[]
121,engineer1109/TensorFlow-R-FCN-for-primary-students,git@github.com:engineer1109/TensorFlow-R-FCN-for-primary-students.git,2017-12-23T09:05:08Z,2,Python,13,1,[{'publishedAt': '2019-10-07T12:17:03Z'}]
122,mstump/cassandra_range_repair,git@github.com:mstump/cassandra_range_repair.git,2013-08-20T05:24:31Z,54,Python,12,0,[]
123,PennyHow/PyTrx,git@github.com:PennyHow/PyTrx.git,2017-05-17T08:01:03Z,9,Python,12,2,"[{'publishedAt': '2018-06-14T13:23:00Z'}, {'publishedAt': '2020-01-30T17:07:37Z'}]"
124,ajxchapman/CmdRunner,git@github.com:ajxchapman/CmdRunner.git,2019-05-31T19:35:11Z,2,Python,12,0,[]
125,lunduniversity/schoolprog,git@github.com:lunduniversity/schoolprog.git,2017-11-02T10:26:29Z,5,Python,11,0,[]
126,eightysteele/Spatial-Data-Library,git@github.com:eightysteele/Spatial-Data-Library.git,2011-01-27T01:56:35Z,1,Python,11,0,[]
127,mahmoodlab/TOAD,git@github.com:mahmoodlab/TOAD.git,2020-06-19T07:22:44Z,1,Python,10,0,[]
128,tsunaminoai/baseEmoji,git@github.com:tsunaminoai/baseEmoji.git,2017-03-05T02:39:02Z,1,Python,10,4,"[{'publishedAt': '2017-03-06T19:34:52Z'}, {'publishedAt': '2017-03-06T23:16:43Z'}, {'publishedAt': '2017-03-07T01:15:44Z'}, {'publishedAt': '2017-04-04T19:15:55Z'}]"
129,seberg/icsbot,git@github.com:seberg/icsbot.git,2009-03-10T13:39:15Z,1,Python,10,0,[]
130,IN-CORE/pyincore,git@github.com:IN-CORE/pyincore.git,2019-12-19T21:02:40Z,2,Python,10,0,[]
131,GroupAYECS765P/BDP-05-Large-scale-Clustering,git@github.com:GroupAYECS765P/BDP-05-Large-scale-Clustering.git,2017-12-06T12:57:04Z,0,Python,10,0,[]
132,lyzMaster/deepgta5,git@github.com:lyzMaster/deepgta5.git,2018-04-26T15:43:39Z,4,Python,9,0,[]
133,jsayles/CoworkingDB,git@github.com:jsayles/CoworkingDB.git,2010-09-02T18:36:43Z,1,Python,9,0,[]
134,AFRL-RY/Explore-Coarse-3D-Reconstruction-Path-Planning-ATRC-Summer-2017,git@github.com:AFRL-RY/Explore-Coarse-3D-Reconstruction-Path-Planning-ATRC-Summer-2017.git,2017-10-03T12:01:04Z,1,Python,9,0,[]
135,asharma353/Anomaly-Detection-by-Netflow-and-DNS-Analysis-of-Alexa-1M-websites,git@github.com:asharma353/Anomaly-Detection-by-Netflow-and-DNS-Analysis-of-Alexa-1M-websites.git,2016-09-06T22:30:41Z,14,Python,9,0,[]
136,CSB5/shotgun-metagenomics-pipeline,git@github.com:CSB5/shotgun-metagenomics-pipeline.git,2015-11-09T10:42:49Z,3,Python,9,0,[]
137,stadtgestalten/stadtgestalten,git@github.com:stadtgestalten/stadtgestalten.git,2016-07-21T02:28:55Z,4,Python,8,0,[]
138,thousandparsec/tpclient-pywx,git@github.com:thousandparsec/tpclient-pywx.git,2010-04-17T14:58:01Z,6,Python,8,0,[]
139,taylorludwig/Resolutions-Alfred,git@github.com:taylorludwig/Resolutions-Alfred.git,2013-07-24T23:54:13Z,0,Python,8,0,[]
140,abhijithasokan/Cusat-BTech-Result-Scraper,git@github.com:abhijithasokan/Cusat-BTech-Result-Scraper.git,2017-01-12T14:48:21Z,1,Python,8,0,[]
141,sandeep-krishnamurthy/MovieSuccessPrediction,git@github.com:sandeep-krishnamurthy/MovieSuccessPrediction.git,2013-11-01T08:20:41Z,8,Python,8,0,[]
142,rrmerugu/django-postgres-elasticsearch,git@github.com:rrmerugu/django-postgres-elasticsearch.git,2018-03-04T04:08:04Z,6,Python,7,0,[]
143,netscaler/neutron,git@github.com:netscaler/neutron.git,2013-09-27T16:48:24Z,1,Python,7,0,[]
144,pablomc88/Primate_Visual_System,git@github.com:pablomc88/Primate_Visual_System.git,2017-06-08T09:30:08Z,0,Python,7,0,[]
145,rahulthawal/Finding-Object-by-Robotic-Arm,git@github.com:rahulthawal/Finding-Object-by-Robotic-Arm.git,2016-07-23T19:08:42Z,2,Python,7,0,[]
146,jonasnick/ReceptiveFields,git@github.com:jonasnick/ReceptiveFields.git,2013-02-12T00:11:06Z,9,Python,6,0,[]
147,vaibhavmule/django-uuid-primary-key,git@github.com:vaibhavmule/django-uuid-primary-key.git,2017-10-23T07:40:48Z,2,Python,6,2,"[{'publishedAt': '2017-10-31T05:54:31Z'}, {'publishedAt': '2017-11-16T05:59:24Z'}]"
148,bolstycjw/odoo-s3-storage,git@github.com:bolstycjw/odoo-s3-storage.git,2017-02-02T02:01:44Z,24,Python,6,0,[]
149,tvanesse/odoo-s3,git@github.com:tvanesse/odoo-s3.git,2016-08-10T12:32:59Z,10,Python,6,0,[]
150,YanZiBuGuiCHunShiWan/Primary_machinelearning,git@github.com:YanZiBuGuiCHunShiWan/Primary_machinelearning.git,2020-05-09T09:00:33Z,1,Python,6,0,[]
151,gunnbr/gthx,git@github.com:gunnbr/gthx.git,2015-12-28T21:28:24Z,4,Python,6,0,[]
152,NexoDevelopment/MK8_Exploit,git@github.com:NexoDevelopment/MK8_Exploit.git,2020-01-18T18:26:36Z,0,Python,6,0,[]
153,sensviz7/Reinforcement-Learning-via-DQN-Agent-Carla,git@github.com:sensviz7/Reinforcement-Learning-via-DQN-Agent-Carla.git,2020-08-13T19:54:27Z,0,Python,6,0,[]
154,dandelany/tweetalyze,git@github.com:dandelany/tweetalyze.git,2012-04-28T22:23:23Z,1,Python,6,0,[]
155,samueljackson92/twitter-data-miner,git@github.com:samueljackson92/twitter-data-miner.git,2012-12-18T12:09:59Z,2,Python,6,0,[]
156,usnistgov/MUD-PD,git@github.com:usnistgov/MUD-PD.git,2019-07-16T19:31:21Z,2,Python,6,0,[]
157,iuscommunity/repodataParser,git@github.com:iuscommunity/repodataParser.git,2012-11-28T17:16:39Z,5,Python,5,0,[]
158,ratt-ru/eidos,git@github.com:ratt-ru/eidos.git,2017-11-14T14:17:07Z,2,Python,5,6,"[{'publishedAt': '2019-05-10T07:49:15Z'}, {'publishedAt': '2019-06-21T14:20:07Z'}, {'publishedAt': '2019-06-22T17:19:39Z'}, {'publishedAt': '2019-08-08T15:47:50Z'}, {'publishedAt': '2019-12-23T15:44:55Z'}, {'publishedAt': '2020-03-11T15:09:43Z'}]"
159,usaa/vogel,git@github.com:usaa/vogel.git,2018-12-03T18:14:20Z,4,Python,5,0,[]
160,martinohanlon/SpaceCRAFT,git@github.com:martinohanlon/SpaceCRAFT.git,2015-05-14T12:26:34Z,3,Python,5,0,[]
161,YodaEmbedding/language-detector,git@github.com:YodaEmbedding/language-detector.git,2017-11-02T22:19:47Z,2,Python,5,0,[]
162,dodoyuan/CongestionControlInSDN,git@github.com:dodoyuan/CongestionControlInSDN.git,2018-03-12T03:01:51Z,4,Python,5,0,[]
163,RigidBit/www2png,git@github.com:RigidBit/www2png.git,2020-01-10T06:35:08Z,1,Python,5,0,[]
164,saxix/django-uuid-pk,git@github.com:saxix/django-uuid-pk.git,2013-08-11T11:35:35Z,1,Python,5,0,[]
165,joedeller/pymine,git@github.com:joedeller/pymine.git,2015-01-17T14:44:55Z,0,Python,5,0,[]
166,VertNet/api-geospatial,git@github.com:VertNet/api-geospatial.git,2015-11-19T10:17:29Z,1,Python,5,0,[]
167,manexagirrezabal/athenarhythm,git@github.com:manexagirrezabal/athenarhythm.git,2015-03-14T19:36:16Z,1,Python,5,0,[]
168,PrudhviRaj12/In-Depth-Question-Classification-Using-Convolutional-Neural-Networks,git@github.com:PrudhviRaj12/In-Depth-Question-Classification-Using-Convolutional-Neural-Networks.git,2017-05-13T02:33:06Z,5,Python,5,0,[]
169,madan-ram/Artificial-Neural-Network,git@github.com:madan-ram/Artificial-Neural-Network.git,2015-04-21T07:39:00Z,1,Python,5,0,[]
170,RawVendetta/GatewayFinder,git@github.com:RawVendetta/GatewayFinder.git,2019-09-30T17:14:09Z,0,Python,5,0,[]
171,Cadair/PriMaRY-JOVE,git@github.com:Cadair/PriMaRY-JOVE.git,2012-03-12T23:17:08Z,0,Python,4,0,[]
172,miaojie19/flask-course-primary,git@github.com:miaojie19/flask-course-primary.git,2019-05-14T02:35:30Z,1,Python,4,0,[]
173,kronosapiens/twitter-research,git@github.com:kronosapiens/twitter-research.git,2016-01-24T21:08:29Z,3,Python,4,0,[]
174,jnpkrn/clufter,git@github.com:jnpkrn/clufter.git,2014-09-12T07:25:25Z,2,Python,4,0,[]
175,alex/pyelection,git@github.com:alex/pyelection.git,2008-02-24T20:45:10Z,3,Python,4,0,[]
176,ml-lab/image_inpainting,git@github.com:ml-lab/image_inpainting.git,2018-09-10T08:44:11Z,3,Python,4,0,[]
177,sdll/QQP,git@github.com:sdll/QQP.git,2017-06-07T00:34:03Z,0,Python,4,0,[]
178,chriswernst/Perception-Udacity-RoboticsND-Project3,git@github.com:chriswernst/Perception-Udacity-RoboticsND-Project3.git,2017-10-13T21:41:11Z,3,Python,4,0,[]
179,okfn/ckan-old,git@github.com:okfn/ckan-old.git,2011-02-12T12:50:58Z,0,Python,4,0,[]
180,caitlyn4321/LootBot,git@github.com:caitlyn4321/LootBot.git,2017-10-25T19:57:00Z,1,Python,4,0,[]
181,HarrisonSteel/ChiBio,git@github.com:HarrisonSteel/ChiBio.git,2019-08-07T12:30:35Z,10,Python,3,0,[]
182,uwcirg/truenth-portal,git@github.com:uwcirg/truenth-portal.git,2015-06-09T18:25:47Z,4,Python,3,100,"[{'publishedAt': '2015-11-30T20:24:58Z'}, {'publishedAt': '2016-04-03T04:49:07Z'}, {'publishedAt': '2016-04-05T23:24:43Z'}, {'publishedAt': '2017-02-23T21:56:42Z'}, {'publishedAt': '2017-02-23T23:50:18Z'}, {'publishedAt': '2017-05-03T22:26:20Z'}, {'publishedAt': '2017-05-11T19:57:31Z'}, {'publishedAt': '2017-05-11T23:25:18Z'}, {'publishedAt': '2017-07-21T23:59:53Z'}, {'publishedAt': '2017-08-01T22:31:27Z'}]"
183,letran3691/domain,git@github.com:letran3691/domain.git,2019-05-08T07:58:50Z,4,Python,3,0,[]
184,datasets/primary-tumor,git@github.com:datasets/primary-tumor.git,2018-01-04T13:40:53Z,1,Python,3,0,[]
185,gauravkulkarni96/django-ajax-auth,git@github.com:gauravkulkarni96/django-ajax-auth.git,2018-03-23T19:46:53Z,3,Python,3,0,[]
186,OpenSourceBrain/V1NetworkModels,git@github.com:OpenSourceBrain/V1NetworkModels.git,2014-06-05T14:21:01Z,3,Python,3,0,[]
187,Ming-er/PythonGUI,git@github.com:Ming-er/PythonGUI.git,2019-05-24T03:05:53Z,0,Python,3,0,[]
188,kids-first/kf-api-dataservice,git@github.com:kids-first/kf-api-dataservice.git,2018-01-09T21:06:39Z,1,Python,3,29,"[{'publishedAt': '2018-03-29T19:55:59Z'}, {'publishedAt': '2018-04-02T17:57:08Z'}, {'publishedAt': '2018-05-08T17:32:56Z'}, {'publishedAt': '2018-05-09T00:15:49Z'}, {'publishedAt': '2018-05-14T20:42:29Z'}, {'publishedAt': '2018-05-21T20:30:39Z'}, {'publishedAt': '2018-05-24T18:20:11Z'}, {'publishedAt': '2018-06-11T21:06:38Z'}, {'publishedAt': '2018-06-15T15:55:27Z'}, {'publishedAt': '2018-06-18T12:52:12Z'}]"
189,chrsigg/tarpar,git@github.com:chrsigg/tarpar.git,2013-11-21T20:46:40Z,0,Python,3,0,[]
190,raygervais/100-days-of-code-challenge,git@github.com:raygervais/100-days-of-code-challenge.git,2018-04-30T00:28:54Z,0,Python,3,0,[]
191,AZAutonomous/TargetClassifier,git@github.com:AZAutonomous/TargetClassifier.git,2017-04-02T04:26:38Z,0,Python,3,0,[]
192,IBCNServices/HeadacheDSS,git@github.com:IBCNServices/HeadacheDSS.git,2018-01-08T10:20:16Z,4,Python,3,0,[]
193,deweylab/cell-type-classification-paper,git@github.com:deweylab/cell-type-classification-paper.git,2019-04-18T20:10:37Z,0,Python,3,0,[]
194,basnetbik/SocietyRecommenderSystem,git@github.com:basnetbik/SocietyRecommenderSystem.git,2014-08-01T05:09:09Z,3,Python,3,0,[]
195,ahojukka5/Dijkstra,git@github.com:ahojukka5/Dijkstra.git,2020-05-13T04:49:56Z,1,Python,3,3,"[{'publishedAt': '2020-05-13T05:29:48Z'}, {'publishedAt': '2020-05-17T09:42:41Z'}, {'publishedAt': '2020-05-17T14:16:51Z'}]"
196,khalavak/pan-demonium,git@github.com:khalavak/pan-demonium.git,2013-04-03T10:02:30Z,0,Python,3,0,[]
197,pravincesingh/Home-automation-with-person-detection-using-deep-learning,git@github.com:pravincesingh/Home-automation-with-person-detection-using-deep-learning.git,2019-08-12T09:24:32Z,0,Python,3,0,[]
198,DataforProgress/bias-in-news,git@github.com:DataforProgress/bias-in-news.git,2018-07-01T14:23:49Z,0,Python,3,0,[]
199,bonarl/Clohessy-Wiltshire,git@github.com:bonarl/Clohessy-Wiltshire.git,2018-03-11T15:10:08Z,1,Python,3,0,[]
